-- PROJECTS
INSERT INTO "projects" (id, name, client_company, executive_company, room_name) VALUES (1, 'Name 1', 'Client Company 1', 'Executive Company 1',  'project-1');
INSERT INTO "projects" (id, name, client_company, executive_company, room_name) VALUES (2, 'Name 2', 'Client Company 2', 'Executive Company 2',  'project-2');
INSERT INTO "projects" (id, name, client_company, executive_company, room_name) VALUES (3, 'Name 3', 'Client Company 3', 'Executive Company 3',  'project-3');
INSERT INTO "projects" (id, name, client_company, executive_company, room_name) VALUES (4, 'Name 4', 'Client Company 4', 'Executive Company 4',  'project-4');
INSERT INTO "projects" (id, name, client_company, executive_company, room_name) VALUES (5, 'Name 5', 'Client Company 5', 'Executive Company 5',  'project-5');
INSERT INTO "projects" (id, name, client_company, executive_company, room_name) VALUES (6, 'Name 6', 'Client Company 6', 'Executive Company 6',  'project-6');
INSERT INTO "projects" (id, name, client_company, executive_company, room_name) VALUES (7, 'Name 7', 'Client Company 7', 'Executive Company 7',  'project-7');
INSERT INTO "projects" (id, name, client_company, executive_company, room_name) VALUES (8, 'Name 8', 'Client Company 8', 'Executive Company 8',  'project-8');
INSERT INTO "projects" (id, name, client_company, executive_company, room_name) VALUES (9, 'Name 9', 'Client Company 9', 'Executive Company 9',  'project-9');
INSERT INTO "projects" (id, name, client_company, executive_company, room_name) VALUES (10, 'Name 10', 'Client Company 10', 'Executive Company 10', 'project-10');
INSERT INTO "projects" (id, name, client_company, executive_company, room_name) VALUES (11, 'Name 11', 'Client Company 11', 'Executive Company 11', 'project-11');
INSERT INTO "projects" (id, name, client_company, executive_company, room_name) VALUES (12, 'Name 12', 'Client Company 12', 'Executive Company 12', 'project-12');
INSERT INTO "projects" (id, name, client_company, executive_company, room_name) VALUES (13, 'Name 13', 'Client Company 13', 'Executive Company 13', 'project-13');
INSERT INTO "projects" (id, name, client_company, executive_company, room_name) VALUES (14, 'Name 14', 'Client Company 14', 'Executive Company 14', 'project-14');
INSERT INTO "projects" (id, name, client_company, executive_company, room_name) VALUES (15, 'Name 15', 'Client Company 15', 'Executive Company 15', 'project-15');

-- USERS
INSERT INTO "users" (id, first_name,last_name) VALUES (1, 'Anika','Kirk');
INSERT INTO "users" (id, first_name,last_name) VALUES (2, 'Keaton','Bauer');
INSERT INTO "users" (id, first_name,last_name) VALUES (3, 'Xander','Mercer');
INSERT INTO "users" (id, first_name,last_name) VALUES (4, 'Shaine','Baldwin');
INSERT INTO "users" (id, first_name,last_name) VALUES (5, 'Declan','Mercado');
INSERT INTO "users" (id, first_name,last_name) VALUES (6, 'Logan','Waters');
INSERT INTO "users" (id, first_name,last_name) VALUES (7, 'Faith','Murphy');
INSERT INTO "users" (id, first_name,last_name) VALUES (8, 'Sandra','Ramirez');
INSERT INTO "users" (id, first_name,last_name) VALUES (9, 'Meredith','English');
INSERT INTO "users" (id, first_name,last_name) VALUES (10, 'Lani','Atkinson');

-- USER_PROJECTS
INSERT INTO "user_projects" (user_id, project_id) VALUES (1, 1);
INSERT INTO "user_projects" (user_id, project_id) VALUES (1, 3);
INSERT INTO "user_projects" (user_id, project_id) VALUES (1, 4);
INSERT INTO "user_projects" (user_id, project_id) VALUES (1, 2);
INSERT INTO "user_projects" (user_id, project_id) VALUES (1, 8);
INSERT INTO "user_projects" (user_id, project_id) VALUES (1, 13);
INSERT INTO "user_projects" (user_id, project_id) VALUES (1, 11);
INSERT INTO "user_projects" (user_id, project_id) VALUES (2, 1);
INSERT INTO "user_projects" (user_id, project_id) VALUES (2, 2);
INSERT INTO "user_projects" (user_id, project_id) VALUES (2, 3);
INSERT INTO "user_projects" (user_id, project_id) VALUES (2, 4);
INSERT INTO "user_projects" (user_id, project_id) VALUES (2, 5);
INSERT INTO "user_projects" (user_id, project_id) VALUES (2, 6);
INSERT INTO "user_projects" (user_id, project_id) VALUES (2, 15);
INSERT INTO "user_projects" (user_id, project_id) VALUES (3, 2);
INSERT INTO "user_projects" (user_id, project_id) VALUES (3, 4);
INSERT INTO "user_projects" (user_id, project_id) VALUES (3, 8);
INSERT INTO "user_projects" (user_id, project_id) VALUES (3, 1);
INSERT INTO "user_projects" (user_id, project_id) VALUES (4, 13);
INSERT INTO "user_projects" (user_id, project_id) VALUES (4, 9);
INSERT INTO "user_projects" (user_id, project_id) VALUES (5, 7);
INSERT INTO "user_projects" (user_id, project_id) VALUES (6, 8);
INSERT INTO "user_projects" (user_id, project_id) VALUES (6, 6);
INSERT INTO "user_projects" (user_id, project_id) VALUES (6, 4);
INSERT INTO "user_projects" (user_id, project_id) VALUES (6, 2);
INSERT INTO "user_projects" (user_id, project_id) VALUES (6, 12);
INSERT INTO "user_projects" (user_id, project_id) VALUES (7, 14);
INSERT INTO "user_projects" (user_id, project_id) VALUES (7, 15);
INSERT INTO "user_projects" (user_id, project_id) VALUES (7, 13);
INSERT INTO "user_projects" (user_id, project_id) VALUES (7, 11);
INSERT INTO "user_projects" (user_id, project_id) VALUES (8, 10);
INSERT INTO "user_projects" (user_id, project_id) VALUES (8, 14);
INSERT INTO "user_projects" (user_id, project_id) VALUES (8, 13);
INSERT INTO "user_projects" (user_id, project_id) VALUES (9, 1);
INSERT INTO "user_projects" (user_id, project_id) VALUES (9, 2);
INSERT INTO "user_projects" (user_id, project_id) VALUES (10, 1);
INSERT INTO "user_projects" (user_id, project_id) VALUES (10, 2);
INSERT INTO "user_projects" (user_id, project_id) VALUES (10, 4);
INSERT INTO "user_projects" (user_id, project_id) VALUES (10, 8);
INSERT INTO "user_projects" (user_id, project_id) VALUES (10, 14);
